"ampwir","expir","relhmax","alphd","ai","aitd","cwdrag","avkb","cgren"
1.27213847564875,0.378191143575697,0.83344310114307,0.778099981012694,262.461074104187,324.231536282467,0.00247817569099457,2.67573804738256e-05,0.0399003773893636
1.15093828694014,0.391867615479886,0.81974506544556,0.76394792944849,311.637663229044,317.651475351514,0.00256440685305008,1.48558323788719e-05,0.0400412363705689
1.31510924736436,0.37473857687405,0.843286797885319,0.812916828715204,363.501703507072,838.663898673815,0.00280817385837088,1.97779716971749e-05,0.0413981352920082
1.22691058144398,0.343111682964187,0.832077325274773,0.697553201928746,395.689073452338,328.274791154946,0.00181738476716607,1.52251787359327e-05,0.0862316992376536
0.66534044476264,0.48432529844249,0.852832500904476,0.724864212178183,639.995679967195,235.465666064916,0.00154356014274706,1.34777018839716e-05,0.0504111245993309
1.20124061178651,0.357961185533823,0.856234787972229,0.801950922332662,408.009396268468,270.922386977367,0.00193907189236728,1.84823335682265e-05,0.0224270475284191
0.769061038980962,0.499546515683678,0.852673755122426,0.837748848232141,337.287011467134,284.497089372612,0.00238339985729127,1.67215130346275e-05,0.035347691012853
0.724005528975783,0.518225429883883,0.82439563256642,0.751858118600985,309.25393760012,321.307461692042,0.00240555366729331,1.57538125005567e-05,0.0762018078008178
1.33788325401343,0.350842762530983,0.809755086374784,0.696332312448447,268.663826243544,671.400318830734,0.00264821090242581,1.82708579660012e-05,0.0821512888636095
